pitch,roll,label
12,-1,0
12,-2,0
11,-1,0
11,-1,0
12,0,0
12,0,0
12,0,0
12,0,0
12,0,0
11,0,0
11,0,0
11,0,0
10,0,0
10,0,0
10,-1,0
10,-1,0
10,-1,0
10,-1,0
10,-2,0
10,-2,0
10,-2,0
10,-2,0
11,-2,0
11,-2,0
11,-2,0
11,-2,0
11,-1,0
11,-1,0
12,-1,0
12,-1,0
12,-2,0
12,-2,0
12,-3,0
12,-4,0
13,-5,0
13,-6,0
13,-7,0
13,-8,0
13,-9,0
13,-9,0
13,-9,0
12,-9,0
12,-9,0
12,-9,0
12,-9,0
12,-8,0
12,-7,0
12,-6,0
13,-5,0
14,-5,0
14,-4,0
15,-3,0
16,-2,0
17,-2,0
18,-2,0
19,-2,0
20,-2,0
21,-2,0
21,-3,0
20,-3,0
20,-4,0
19,-4,0
19,-5,0
18,-5,0
17,-6,0
16,-7,0
15,-7,0
14,-8,0
13,-8,0
13,-8,0
12,-8,0
11,-7,0
11,-7,0
11,-6,0
11,-5,0
11,-5,0
11,-4,0
12,-4,0
12,-3,0
12,-2,0
13,-2,0
14,-1,0
15,-1,0
15,-1,0
16,-1,0
17,-1,0
17,-1,0
16,-1,0
16,-1,0
15,-1,0
15,-1,0
14,-1,0
13,-2,0
12,-2,0
11,-3,0
11,-4,0
11,-4,0
11,-5,0
11,-5,0
11,-5,0
11,-5,0
11,-4,0
12,-4,0
13,-4,0
13,-4,0
13,-4,0
14,-4,0
14,-3,0
15,-3,0
16,-3,0
16,-3,0
18,-2,0
19,-2,0
20,-2,0
20,-2,0
20,-2,0
20,-2,0
19,-2,0
18,-3,0
18,-3,0
16,-4,0
15,-6,0
13,-7,0
13,-8,0
12,-9,0
11,-11,0
10,-12,0
10,-13,0
10,-13,0
10,-13,0
10,-13,0
9,-12,0
9,-11,0
9,-10,0
8,-9,0
8,-8,0
8,-6,0
8,-5,0
8,-4,0
9,-3,0
9,-2,0
10,-1,0
11,-1,0
13,0,0
15,0,0
16,0,0
18,0,0
19,0,0
20,0,0
20,0,0
21,0,0
21,-1,0
21,-1,0
21,-2,0
20,-3,0
20,-4,0
20,-5,0
19,-6,0
19,-7,0
18,-8,0
18,-9,0
17,-9,0
18,-10,0
17,-13,0
17,-17,0
16,-15,0
15,-12,0
14,-13,0
13,-13,0
12,-9,0
11,-7,0
11,-7,0
11,-6,0
11,-5,0
11,-5,0
11,-3,0
11,-3,0
11,-3,0
11,-3,0
11,-3,0
11,-3,0
12,-3,0
12,-4,0
12,-4,0
12,-4,0
13,-6,0
13,-8,0
13,-9,0
13,-11,0
13,-12,0
14,-14,0
15,-16,0
17,-17,0
18,-18,0
18,-17,0
17,-15,0
17,-13,0
16,-10,0
16,-7,0
16,-5,0
17,-4,0
17,-3,0
17,-2,0
16,0,0
15,0,0
14,1,0
14,0,0
15,0,0
14,-2,0
14,-2,0
13,-4,0
13,-6,0
13,-10,0
13,-14,0
12,-16,0
11,-18,0
11,-19,0
11,-20,0
11,-21,0
11,-22,0
10,-22,0
9,-21,0
9,-19,0
9,-16,0
9,-13,0
10,-10,0
12,-7,0
13,-5,0
13,-3,0
14,-1,0
14,1,0
15,3,0
16,4,0
18,5,0
18,6,0
19,6,0
20,6,0
20,5,0
20,4,0
20,3,0
20,1,0
19,-1,0
18,-3,0
17,-5,0
16,-7,0
15,-8,0
14,-9,0
14,-10,0
13,-11,0
11,-12,0
10,-13,0
9,-13,0
8,-14,0
8,-13,0
7,-13,0
8,-12,0
8,-10,0
8,-8,0
8,-6,0
9,-4,0
9,-2,0
10,-1,0
11,0,0
12,2,0
12,4,0
13,6,0
13,7,0
14,8,0
15,9,0
17,9,0
17,9,0
18,10,0
18,9,0
18,8,0
17,5,0
17,3,0
16,2,0
15,0,0
14,0,0
13,-1,0
12,-3,0
12,-5,0
11,-6,0
11,-7,0
10,-8,0
10,-8,0
9,-8,0
9,-8,0
10,-8,0
10,-8,0
11,-7,0
13,-5,0
14,-4,0
12,-10,1
12,-10,1
12,-10,1
12,-10,1
12,-10,1
12,-10,1
12,-10,1
12,-10,1
12,-10,1
12,-10,1
11,-10,1
11,-10,1
11,-10,1
12,-11,1
12,-11,1
12,-13,1
13,-16,1
13,-19,1
14,-22,1
14,-26,1
14,-29,1
14,-33,1
14,-36,1
14,-39,1
14,-40,1
14,-41,1
14,-42,1
14,-43,1
14,-44,1
14,-45,1
14,-45,1
14,-46,1
14,-47,1
14,-47,1
14,-48,1
14,-48,1
14,-49,1
14,-49,1
14,-50,1
14,-50,1
14,-50,1
13,-50,1
13,-50,1
13,-50,1
13,-50,1
13,-50,1
13,-50,1
13,-50,1
13,-50,1
13,-50,1
13,-50,1
13,-50,1
13,-50,1
13,-50,1
13,-50,1
13,-50,1
13,-50,1
13,-50,1
13,-50,1
13,-50,1
12,-50,1
12,-50,1
12,-50,1
12,-50,1
12,-50,1
12,-50,1
12,-50,1
12,-49,1
12,-49,1
12,-49,1
12,-49,1
12,-49,1
12,-49,1
12,-49,1
12,-49,1
12,-49,1
12,-49,1
12,-49,1
12,-49,1
12,-49,1
12,-49,1
12,-49,1
12,-48,1
12,-48,1
12,-48,1
12,-48,1
12,-48,1
12,-48,1
12,-48,1
12,-48,1
12,-48,1
12,-48,1
12,-48,1
12,-48,1
12,-48,1
12,-48,1
12,-48,1
12,-48,1
12,-48,1
12,-48,1
12,-48,1
12,-48,1
12,-48,1
12,-48,1
12,-48,1
12,-48,1
12,-48,1
12,-48,1
12,-48,1
12,-48,1
12,-48,1
12,-48,1
12,-48,1
12,-48,1
12,-48,1
12,-48,1
12,-48,1
12,-48,1
12,-48,1
12,-48,1
12,-48,1
11,-48,1
11,-48,1
11,-48,1
12,-48,1
11,-48,1
11,-48,1
11,-47,1
11,-47,1
11,-46,1
11,-45,1
11,-44,1
11,-43,1
10,-40,1
10,-37,1
9,-33,1
8,-30,1
8,-27,1
9,-25,1
9,-25,1
10,-25,1
12,-26,1
12,-27,1
13,-28,1
13,-30,1
13,-31,1
13,-32,1
12,-34,1
11,-34,1
10,-34,1
9,-34,1
8,-34,1
8,-35,1
8,-35,1
8,-35,1
8,-35,1
8,-35,1
8,-34,1
9,-34,1
10,-33,1
11,-32,1
11,-32,1
12,-32,1
13,-32,1
13,-33,1
14,-35,1
14,-36,1
14,-38,1
14,-39,1
14,-40,1
14,-41,1
13,-41,1
13,-41,1
13,-41,1
13,-39,1
13,-38,1
13,-37,1
13,-35,1
13,-33,1
13,-31,1
13,-29,1
14,-27,1
14,-25,1
14,-24,1
15,-23,1
15,-22,1
15,-22,1
15,-23,1
15,-25,1
15,-27,1
14,-28,1
14,-30,1
13,-31,1
13,-32,1
13,-34,1
13,-35,1
12,-36,1
12,-37,1
12,-37,1
11,-38,1
11,-38,1
11,-38,1
11,-38,1
11,-37,1
11,-36,1
11,-35,1
11,-33,1
11,-32,1
11,-31,1
12,-29,1
12,-28,1
12,-26,1
13,-25,1
13,-24,1
13,-23,1
13,-23,1
14,-23,1
14,-24,1
15,-25,1
15,-26,1
15,-27,1
14,-28,1
13,-30,1
12,-31,1
11,-33,1
11,-34,1
11,-35,1
10,-35,1
10,-36,1
9,-37,1
9,-37,1
9,-36,1
9,-36,1
9,-35,1
9,-34,1
9,-32,1
9,-30,1
10,-28,1
11,-27,1
12,-26,1
13,-25,1
14,-25,1
15,-25,1
15,-25,1
15,-26,1
15,-26,1
15,-27,1
15,-29,1
15,-30,1
14,-31,1
14,-32,1
13,-33,1
13,-33,1
12,-34,1
11,-34,1
10,-34,1
10,-34,1
10,-34,1
10,-34,1
9,-34,1
9,-33,1
8,-33,1
8,-32,1
9,-30,1
9,-29,1
10,-27,1
10,-25,1
11,-24,1
12,-22,1
12,-20,1
13,-19,1
13,-19,1
14,-18,1
14,-19,1
15,-20,1
15,-22,1
15,-25,1
14,-26,1
14,-28,1
13,-30,1
12,-31,1
12,-33,1
11,-34,1
11,-35,1
11,-36,1
11,-36,1
10,-36,1
10,-35,1
10,-34,1
11,-33,1
11,-32,1
12,-30,1
17,44,2
17,44,2
17,44,2
17,44,2
17,44,2
17,44,2
17,44,2
17,44,2
17,44,2
16,45,2
16,45,2
15,45,2
15,46,2
15,47,2
15,47,2
15,47,2
15,48,2
16,48,2
17,47,2
18,46,2
19,45,2
20,45,2
20,45,2
20,44,2
20,43,2
20,43,2
20,42,2
20,41,2
20,40,2
19,40,2
19,40,2
19,39,2
18,40,2
18,41,2
17,41,2
17,42,2
17,43,2
17,44,2
18,46,2
18,47,2
18,49,2
18,50,2
19,51,2
19,52,2
19,52,2
19,52,2
18,51,2
18,51,2
17,49,2
16,46,2
16,44,2
16,43,2
16,43,2
16,42,2
16,42,2
16,41,2
15,40,2
15,40,2
15,40,2
15,40,2
15,40,2
15,40,2
15,41,2
15,42,2
15,43,2
15,44,2
16,45,2
16,46,2
17,47,2
18,48,2
18,49,2
18,49,2
18,49,2
18,49,2
19,48,2
19,48,2
20,47,2
19,47,2
19,47,2
18,46,2
18,46,2
17,45,2
16,44,2
16,44,2
15,43,2
15,43,2
14,43,2
13,43,2
13,43,2
12,44,2
11,45,2
12,46,2
12,46,2
12,46,2
12,47,2
13,48,2
14,49,2
14,50,2
15,50,2
16,50,2
17,50,2
18,49,2
18,49,2
19,48,2
19,48,2
19,47,2
19,46,2
19,45,2
18,44,2
18,43,2
18,43,2
18,42,2
18,41,2
18,40,2
17,40,2
17,39,2
16,39,2
16,39,2
16,40,2
16,41,2
15,42,2
15,42,2
16,43,2
16,44,2
16,45,2
17,46,2
17,47,2
18,48,2
18,49,2
18,49,2
18,49,2
19,49,2
19,48,2
19,48,2
19,47,2
18,47,2
18,46,2
18,45,2
17,45,2
17,44,2
17,44,2
16,43,2
16,43,2
16,42,2
16,42,2
16,43,2
16,43,2
16,43,2
17,44,2
17,44,2
17,45,2
18,46,2
19,47,2
19,48,2
20,49,2
21,50,2
22,50,2
22,51,2
23,51,2
23,51,2
23,51,2
23,50,2
23,50,2
23,48,2
23,47,2
22,46,2
22,45,2
22,45,2
21,44,2
21,44,2
21,43,2
20,42,2
20,41,2
20,40,2
20,40,2
20,39,2
21,39,2
21,39,2
21,39,2
21,39,2
21,40,2
21,41,2
22,42,2
22,43,2
23,44,2
24,45,2
24,46,2
24,48,2
24,49,2
25,51,2
25,52,2
25,53,2
26,54,2
26,54,2
25,54,2
24,54,2
24,53,2
23,53,2
21,52,2
20,51,2
18,48,2
16,45,2
15,41,2
15,37,2
15,35,2
15,33,2
15,32,2
15,31,2
16,30,2
16,30,2
17,31,2
17,32,2
17,34,2
18,35,2
18,37,2
18,38,2
18,40,2
18,41,2
18,42,2
19,43,2
19,44,2
18,46,2
18,47,2
18,48,2
18,49,2
17,49,2
17,50,2
17,50,2
16,49,2
15,48,2
14,46,2
13,43,2
12,40,2
11,38,2
10,37,2
9,36,2
9,36,2
9,36,2
10,36,2
11,35,2
12,36,2
13,36,2
15,37,2
16,37,2
17,38,2
18,39,2
19,40,2
20,41,2
22,42,2
22,43,2
22,44,2
22,46,2
22,47,2
22,48,2
22,48,2
22,49,2
21,49,2
20,49,2
20,49,2
19,48,2
19,47,2
18,46,2
16,44,2
15,41,2
14,38,2
12,35,2
11,33,2
10,32,2
10,32,2
10,32,2
12,32,2
14,33,2
15,34,2
16,35,2
16,36,2
17,38,2
18,39,2
19,41,2
20,43,2
21,44,2
21,46,2
21,47,2
22,48,2
22,48,2
23,48,2
22,48,2
22,48,2
22,47,2
22,47,2
22,47,2
23,47,2
23,49,2
24,51,2
59,-6,3
59,-6,3
59,-6,3
60,-6,3
61,-6,3
61,-7,3
61,-7,3
61,-7,3
61,-7,3
60,-7,3
60,-7,3
60,-7,3
60,-7,3
60,-7,3
61,-8,3
61,-8,3
62,-9,3
62,-10,3
62,-11,3
62,-12,3
61,-13,3
61,-12,3
61,-11,3
61,-10,3
61,-9,3
61,-7,3
60,-6,3
59,-5,3
58,-4,3
57,-3,3
56,-2,3
55,-3,3
55,-4,3
54,-5,3
54,-6,3
53,-7,3
52,-9,3
52,-9,3
52,-10,3
53,-10,3
54,-11,3
56,-11,3
57,-11,3
59,-11,3
61,-11,3
62,-11,3
63,-10,3
64,-10,3
65,-10,3
66,-9,3
66,-9,3
66,-9,3
66,-9,3
65,-9,3
65,-10,3
63,-10,3
61,-10,3
60,-10,3
58,-10,3
57,-10,3
57,-9,3
57,-9,3
56,-8,3
56,-7,3
56,-6,3
56,-5,3
57,-4,3
57,-3,3
58,-3,3
59,-4,3
60,-5,3
60,-6,3
60,-7,3
60,-7,3
60,-10,3
60,-11,3
60,-12,3
61,-13,3
62,-12,3
62,-12,3
63,-12,3
65,-11,3
66,-11,3
67,-11,3
68,-10,3
69,-10,3
69,-9,3
69,-9,3
69,-9,3
68,-10,3
67,-10,3
65,-10,3
64,-11,3
62,-11,3
60,-11,3
58,-11,3
57,-12,3
55,-11,3
54,-11,3
53,-10,3
52,-8,3
52,-8,3
52,-7,3
53,-6,3
54,-6,3
56,-6,3
58,-7,3
60,-9,3
62,-10,3
62,-11,3
62,-12,3
62,-12,3
63,-13,3
64,-15,3
65,-16,3
66,-17,3
68,-17,3
69,-17,3
70,-16,3
71,-16,3
73,-16,3
73,-15,3
74,-14,3
74,-14,3
73,-13,3
72,-12,3
70,-11,3
68,-11,3
66,-11,3
63,-10,3
62,-9,3
59,-9,3
57,-9,3
56,-11,3
55,-12,3
54,-14,3
54,-15,3
54,-15,3
56,-15,3
58,-16,3
59,-16,3
61,-17,3
62,-16,3
64,-16,3
66,-15,3
67,-14,3
69,-13,3
70,-13,3
71,-13,3
72,-13,3
72,-13,3
72,-12,3
72,-12,3
72,-11,3
72,-10,3
72,-10,3
72,-9,3
71,-7,3
71,-6,3
71,-4,3
71,-3,3
70,-2,3
69,-1,3
68,-1,3
67,-1,3
65,-1,3
63,-3,3
61,-5,3
60,-7,3
58,-8,3
58,-10,3
57,-10,3
58,-11,3
59,-11,3
61,-11,3
62,-12,3
63,-11,3
65,-11,3
67,-10,3
69,-10,3
71,-10,3
73,-11,3
74,-11,3
76,-10,3
76,-10,3
77,-10,3
77,-9,3
77,-9,3
76,-8,3
74,-7,3
72,-6,3
70,-5,3
67,-4,3
66,-3,3
63,-2,3
61,-1,3
60,0,3
58,-1,3
58,-2,3
58,-5,3
58,-7,3
58,-9,3
59,-10,3
60,-11,3
62,-11,3
64,-11,3
65,-12,3
67,-12,3
69,-12,3
71,-11,3
72,-11,3
74,-11,3
75,-12,3
76,-12,3
78,-11,3
79,-11,3
80,-10,3
80,-9,3
80,-7,3
80,-5,3
79,-4,3
78,-2,3
76,0,3
74,0,3
72,1,3
70,3,3
68,4,3
66,4,3
65,4,3
64,2,3
63,1,3
63,0,3
62,-1,3
62,-2,3
62,-2,3
63,-2,3
65,-3,3
67,-3,3
69,-4,3
71,-4,3
72,-5,3
74,-5,3
75,-4,3
77,-4,3
79,-4,3
80,-4,3
81,-3,3
82,-2,3
83,-1,3
83,0,3
82,0,3
81,0,3
79,1,3
76,2,3
74,2,3
71,2,3
68,3,3
66,4,3
64,4,3
63,3,3
62,3,3
61,2,3
60,1,3
59,0,3
58,-1,3
57,-2,3
57,-2,3
57,-2,3
57,-3,3
57,-3,3
57,-4,3
57,-4,3
57,-3,3
58,-3,3
59,-3,3
60,-3,3
62,-3,3
64,-4,3
65,-5,3
66,-5,3
67,-6,3
67,-6,3
67,-7,3
66,-7,3
65,-8,3
63,-10,3
63,-11,3
62,-12,3
62,-13,3
62,-14,3
62,-14,3
62,-13,3
62,-13,3
-22,6,4
-22,5,4
-23,5,4
-24,5,4
-25,5,4
-25,5,4
-26,4,4
-27,4,4
-27,4,4
-27,5,4
-27,5,4
-27,6,4
-26,7,4
-26,7,4
-26,8,4
-25,8,4
-24,9,4
-23,9,4
-22,10,4
-21,9,4
-19,9,4
-18,8,4
-17,7,4
-17,7,4
-17,6,4
-16,5,4
-16,4,4
-17,3,4
-17,3,4
-18,3,4
-19,3,4
-19,4,4
-19,5,4
-19,6,4
-19,7,4
-19,9,4
-18,10,4
-18,11,4
-18,12,4
-17,13,4
-17,13,4
-16,13,4
-16,13,4
-15,12,4
-15,12,4
-15,11,4
-16,10,4
-16,9,4
-18,8,4
-19,6,4
-21,5,4
-23,4,4
-24,3,4
-24,2,4
-24,3,4
-23,4,4
-23,4,4
-21,4,4
-20,5,4
-17,5,4
-16,5,4
-15,5,4
-14,6,4
-13,7,4
-12,7,4
-12,7,4
-12,7,4
-13,7,4
-14,8,4
-15,9,4
-16,10,4
-17,11,4
-17,12,4
-17,13,4
-17,14,4
-18,15,4
-18,16,4
-18,17,4
-18,17,4
-18,17,4
-18,16,4
-18,15,4
-18,14,4
-19,13,4
-19,10,4
-19,8,4
-20,6,4
-21,5,4
-21,3,4
-21,1,4
-21,0,4
-20,0,4
-19,-2,4
-19,-2,4
-18,-1,4
-18,0,4
-18,0,4
-17,0,4
-16,1,4
-16,2,4
-15,4,4
-15,5,4
-15,7,4
-15,9,4
-15,10,4
-14,11,4
-14,12,4
-14,12,4
-14,12,4
-15,11,4
-15,10,4
-16,8,4
-16,7,4
-17,5,4
-17,3,4
-17,1,4
-18,0,4
-19,-1,4
-19,-2,4
-20,-5,4
-20,-7,4
-19,-9,4
-19,-11,4
-18,-11,4
-18,-11,4
-19,-10,4
-19,-9,4
-18,-7,4
-18,-6,4
-18,-4,4
-18,-3,4
-18,-3,4
-19,-3,4
-19,-3,4
-19,-4,4
-19,-4,4
-20,-4,4
-20,-4,4
-20,-4,4
-19,-5,4
-19,-5,4
-19,-5,4
-19,-6,4
-19,-7,4
-19,-7,4
-20,-8,4
-20,-9,4
-20,-9,4
-20,-9,4
-21,-8,4
-21,-7,4
-21,-5,4
-22,-4,4
-22,-2,4
-22,-1,4
-23,0,4
-23,1,4
-22,2,4
-22,3,4
-22,4,4
-22,5,4
-21,6,4
-21,6,4
-21,6,4
-19,6,4
-18,5,4
-18,4,4
-17,2,4
-18,1,4
-19,0,4
-19,-1,4
-19,-3,4
-18,-5,4
-18,-7,4
-18,-8,4
-19,-9,4
-19,-9,4
-19,-8,4
-20,-7,4
-21,-7,4
-21,-5,4
-21,-4,4
-21,-4,4
-21,-2,4
-20,-1,4
-20,0,4
-20,1,4
-19,3,4
-18,3,4
-17,4,4
-16,4,4
-16,5,4
-15,5,4
-15,4,4
-15,4,4
-14,3,4
-14,3,4
-14,2,4
-14,1,4
-14,0,4
-16,-1,4
-17,-3,4
-18,-4,4
-18,-6,4
-18,-6,4
-19,-6,4
-20,-5,4
-22,-4,4
-22,-4,4
-22,-4,4
-22,-3,4
-23,-2,4
-23,-1,4
-23,0,4
-23,0,4
-22,1,4
-22,2,4
-21,2,4
-21,3,4
-19,3,4
-18,2,4
-16,1,4
-15,0,4
-13,0,4
-13,-1,4
-13,-2,4
-13,-3,4
-14,-4,4
-15,-5,4
-16,-6,4
-17,-6,4
-17,-5,4
-19,-5,4
-20,-4,4
-20,-4,4
-21,-4,4
-21,-3,4
-21,-3,4
-22,-3,4
-22,-2,4
-22,-2,4
-22,-2,4
-22,-2,4
-21,-3,4
-20,-3,4
-18,-3,4
-17,-3,4
-15,-4,4
-13,-4,4
-11,-5,4
-11,-5,4
-11,-5,4
-12,-5,4
-13,-4,4
-13,-4,4
-14,-4,4
-14,-4,4
-15,-4,4
-16,-3,4
-18,-2,4
-19,-1,4
-19,0,4
-19,0,4
-20,1,4
-20,2,4
-20,3,4
-20,4,4
-20,5,4
-19,5,4
-19,5,4
-17,5,4
-16,4,4
-16,2,4
-16,2,4
-17,0,4
-17,0,4
-17,-2,4
-17,-4,4
-17,-6,4
-18,-6,4
-19,-6,4
-19,-5,4
-20,-4,4
-20,-4,4
-20,-3,4
-20,-2,4
-21,-1,4
-21,0,4
-21,0,4
-20,1,4
-19,2,4
-18,3,4
